Level,Question,Answer
entry,What is ETL in data analysis?,"ETL stands for Extract, Transform, Load. It is a process used to extract data from various sources, transform it into a usable format, and load it into a destination database or data warehouse for analysis."
entry,Define supervised learning.,Supervised learning involves training a model using labeled data to predict outcomes based on input data.
entry,What is the difference between data science and machine learning?,"Data science is a broader field that encompasses the entire process of collecting, cleaning, analyzing, and interpreting data. Machine learning is a subfield of data science that focuses on developing algorithms that can learn from data and make predictions or decisions."
entry,What are the different types of data?,structured and unstructured.
entry,What are the different data analysis techniques?,"There are many different data analysis techniques, but some of the most common ones include descriptive statistics, inferential statistics, data visualization, and machine learning."
entry,What are the different machine learning algorithms?,"There are many different machine learning algorithms, but some of the most common ones include linear regression, logistic regression, decision trees, and random forests."
entry,What are the different applications of data science?,"Data science has a wide range of applications, including healthcare, finance, marketing, and social media."
mid,Explain the importance of feature selection in machine learning.,"Feature selection is crucial as it helps in reducing overfitting, improving accuracy, and reducing training time by selecting the most relevant features."
mid,Differentiate between correlation and causation.,"Correlation indicates a relationship between variables, whereas causation implies that one variable causes the other to change."
mid,What is the difference between supervised and unsupervised learning?,Supervised learning involves training a model using labeled data to predict outcomes based on input data. Unsupervised learning involves training a model using unlabeled data to discover patterns or structure in the data.
mid,What is the difference between classification and regression?,"Classification is a type of machine learning that involves predicting a categorical outcome, such as whether an email is spam or not spam. Regression is a type of machine learning that involves predicting a continuous outcome, such as the price of a house."
mid,What is the difference between overfitting and underfitting?,"Overfitting is a problem that occurs when a machine learning model is too complex and learns the training data too well, resulting in poor performance on new data. Underfitting is a problem that occurs when a machine learning model is not complex enough and does not learn the training data well enough, resulting in poor performance on both training and new data."
mid,What is the difference between bias and variance?,Bias is a problem that occurs when a machine learning model consistently predicts the wrong outcome for a particular group of people. Variance is a problem that occurs when a machine learning model makes different predictions for the same data point when trained on different subsets of the data.
mid,What are the different ways to evaluate the performance of a machine learning model?,"There are many different ways to evaluate the performance of a machine learning model, but some of the most common ones include accuracy, precision, recall, and F1 score."
advanced,Describe the working principle of a neural network.,"A neural network consists of interconnected nodes (neurons) organized in layers. It works by passing input data through the layers, performing computations, and adjusting weights to optimize the model's output."
advanced,Explain the use of regularization techniques in machine learning.,"Regularization helps prevent overfitting by adding a penalty term to the loss function, discouraging overly complex models."
advanced,What is natural language processing (NLP)?,Natural language processing (NLP) is a field of artificial intelligence that deals with the interaction between computers and human language.
advanced,What is computer vision?,Computer vision is a field of artificial intelligence that deals with the ability of computers to interpret and understand visual information from the world.
advanced,What is deep learning?,Deep learning is a type of machine learning that uses artificial neural networks to learn from data.
advanced,What is reinforcement learning?,Reinforcement learning is a type of machine learning that involves training an agent to make decisions in an environment by rewarding it for good decisions and penalizing it for bad decisions.
advanced,What are the ethical considerations of data science?,"There are many ethical considerations of data science, such as bias, privacy, and transparency."
behavioral,Tell me about a time when you had to deal with a difficult customer.,"I was working as a customer service representative when I received a call from a customer who was very angry about a recent purchase. The customer was upset that the product they had ordered was not what they had expected. I listened patiently to the customer's concerns and apologized for the inconvenience. I then worked with the customer to find a solution that would satisfy them. In the end, the customer was happy with the outcome and thanked me for my help."
behavioral,Tell me about a time when you had to work under pressure.,"I was working on a deadline for a project when my computer crashed. I was able to quickly recover my work and get back on track, and I was able to complete the project on time."
behavioral,Tell me about a time when you had to give a presentation.,"I was asked to give a presentation to a group of my colleagues on a new product that I had been working on. I was nervous about giving the presentation, but I was able to overcome my nerves and deliver a successful presentation."
situational,You are working on a team project and one of your teammates is not pulling their weight. What do you do?,"I would first try to talk to the teammate directly about my concerns. I would explain that I feel like they are not contributing their fair share to the project and that this is putting a strain on the rest of the team. I would then work with the teammate to develop a plan to improve their performance. If the teammate is not receptive to my feedback, I would then take the issue to the team leader or manager."
situational,You are given a task with a tight deadline. How do you manage your time to ensure the task is completed on time?,"I would start by breaking down the task into smaller, more manageable steps. I would then estimate how long each step would take to complete. I would then create a schedule and stick to it. I would also be sure to check in with my manager regularly to update them on my progress and to get feedback."
situational,You make a mistake at work. How do you handle the situation?,I would first admit my mistake and apologize for any inconvenience it may have caused. I would then take steps to correct the mistake. I would also learn from my mistake and take steps to prevent it from happening again.
